Year,Name,Poverty Percent
2016,Angelina,19.0
2016,Aransas,18.8
2016,Archer,10.5
2016,Armstrong,10.8
2016,Atascosa,16.3
2016,Austin,14.3
2016,Bailey,16.6
2016,Bandera,14.6
2016,Bastrop,13.2
2016,Baylor,17.6
2016,Bee,27.0
2016,Bell,12.9
2016,Bexar,16.3
2016,Blanco,10.7
2016,Borden,10.6
2016,Bosque,15.8
2016,Bowie,19.3
2016,Brazoria,9.9
2016,Brazos,24.9
2016,Brewster,14.9
2016,Briscoe,15.4
2016,Brooks,32.2
2016,Brown,17.1
2016,Burleson,14.4
2016,Burnet,11.5
2016,Caldwell,16.6
2016,Calhoun,15.7
2016,Callahan,14.9
2016,Cameron,29.1
2016,Camp,19.2
2016,Carson,8.6
2016,Cass,17.4
2016,Castro,18.1
2016,Chambers,9.2
2016,Cherokee,19.4
2016,Childress,21.5
2016,Clay,13.3
2016,Cochran,23.5
2016,Coke,15.6
2016,Coleman,20.1
2016,Collin,6.3
2016,Collingsworth,19.7
2016,Colorado,14.5
2016,Comal,8.6
2016,Comanche,17.1
2016,Concho,25.8
2016,Cooke,13.8
2016,Coryell,14.2
2016,Cottle,21.4
2016,Crane,10.3
2016,Crockett,16.9
2016,Crosby,24.1
2016,Culberson,23.6
2016,Dallam,11.3
2016,Dallas,16.3
2016,Dawson,21.4
2016,Deaf Smith,17.1
2016,Delta,18.5
2016,Denton,8.2
2016,DeWitt,18.2
2016,Dickens,21.8
2016,Dimmit,27.6
2016,Donley,18.6
2016,Duval,26.3
2016,Eastland,20.0
2016,Ector,13.9
2016,Edwards,23.3
2016,Ellis,9.7
2016,El Paso,22.7
2016,Erath,19.5
2016,Falls,25.6
2016,Fannin,16.1
2016,Fayette,11.1
2016,Fisher,15.6
2016,Floyd,22.8
2016,Foard,18.0
2016,Fort Bend,8.3
2016,Franklin,15.8
2016,Freestone,19.1
2016,Frio,25.8
2016,Gaines,14.6
2016,Galveston,12.9
2016,Garza,30.0
2016,Gillespie,9.8
2016,Glasscock,8.7
2016,Goliad,14.3
2016,Gonzales,17.1
2016,Gray,19.4
2016,Grayson,13.2
2016,Gregg,17.4
2016,Grimes,16.7
2016,Guadalupe,9.8
2016,Hale,21.6
2016,Hall,25.8
2016,Hamilton,15.1
2016,Hansford,13.4
2016,Hardeman,17.8
2016,Hardin,10.8
2016,Harris,16.6
2016,Harrison,17.4
2016,Hartley,9.6
2016,Haskell,24.5
2016,Hays,12.4
2016,Hemphill,10.0
2016,Henderson,16.8
2016,Hidalgo,31.2
2016,Hill,16.2
2016,Hockley,17.1
2016,Hood,10.3
2016,Hopkins,15.3
2016,Houston,22.1
2016,Howard,17.9
2016,Hudspeth,21.4
2016,Hunt,16.3
2016,Hutchinson,13.1
2016,Irion,8.0
2016,Jack,17.2
2016,Jackson,13.5
2016,Jasper,19.2
2016,Jeff Davis,13.0
2016,Jefferson,20.1
2016,Jim Hogg,27.9
2016,Jim Wells,23.2
2016,Johnson,11.3
2016,Jones,21.3
2016,Karnes,21.8
2016,Kaufman,11.4
2016,Kendall,7.4
2016,Kenedy,16.2
2016,Kent,11.5
2016,Kerr,14.8
2016,Kimble,19.4
2016,King,10.7
2016,Kinney,20.0
2016,Kleberg,22.9
2016,Knox,21.1
2016,Lamar,19.9
2016,Lamb,21.5
2016,Lampasas,13.6
2016,La Salle,26.2
2016,Lavaca,12.5
2016,Lee,12.7
2016,Leon,18.0
2016,Liberty,15.9
2016,Limestone,21.1
2016,Lipscomb,12.4
2016,Live Oak,17.2
2016,Llano,13.4
2016,Loving,13.3
2016,Lubbock,18.9
2016,Lynn,17.9
2016,McCulloch,18.4
2016,McLennan,18.5
2016,McMullen,12.0
2016,Madison,17.3
2016,Marion,22.6
2016,Martin,13.0
2016,Mason,13.2
2016,Matagorda,17.4
2016,Maverick,24.3
2016,Medina,14.4
2016,Menard,21.4
2016,Midland,9.7
2016,Milam,16.3
2016,Mills,15.8
2016,Mitchell,21.6
2016,Montague,16.5
2016,Montgomery,10.9
2016,Moore,11.8
2016,Morris,20.0
2016,Motley,18.2
2016,Nacogdoches,25.4
2016,Navarro,17.8
2016,Newton,22.8
2016,Nolan,18.4
2016,Nueces,15.1
2016,Ochiltree,11.4
2016,Oldham,14.3
2016,Orange,14.0
2016,Palo Pinto,16.4
2016,Panola,15.6
2016,Parker,9.3
2016,Parmer,15.5
2016,Pecos,17.1
2016,Polk,20.3
2016,Potter,22.0
2016,Presidio,24.1
2016,Rains,14.8
2016,Randall,9.1
2016,Reagan,11.8
2016,Real,18.4
2016,Red River,17.1
2016,Reeves,25.0
2016,Refugio,15.7
2016,Roberts,6.6
2016,Robertson,18.7
2016,Rockwall,5.2
2016,Runnels,17.2
2016,Rusk,15.6
2016,Sabine,17.5
2016,San Augustine,23.8
2016,San Jacinto,17.7
2016,San Patricio,15.8
2016,San Saba,20.1
2016,Schleicher,16.6
2016,Scurry,15.2
2016,Shackelford,14.8
2016,Shelby,21.1
2016,Sherman,13.1
2016,Smith,15.7
2016,Somervell,10.8
2016,Starr,39.9
2016,Stephens,21.4
2016,Sterling,12.7
2016,Stonewall,15.6
2016,Sutton,14.1
2016,Swisher,22.2
2016,Tarrant,13.6
2016,Taylor,16.8
2016,Terrell,18.7
2016,Terry,21.8
2016,Throckmorton,14.9
2016,Titus,14.9
2016,Tom Green,13.4
2016,Travis,12.2
2016,Trinity,20.1
2016,Tyler,18.4
2016,Upshur,15.4
2016,Upton,13.6
2016,Uvalde,25.3
2016,Val Verde,20.7
2016,Van Zandt,14.8
2016,Victoria,14.2
2016,Walker,22.3
2016,Waller,16.5
2016,Ward,12.8
2016,Washington,14.1
2016,Webb,31.8
2016,Wharton,17.4
2016,Wheeler,13.4
2016,Wichita,16.8
2016,Wilbarger,15.8
2016,Willacy,38.3
2016,Williamson,5.8
2016,Wilson,10.4
2016,Winkler,15.0
2016,Wise,12.0
2016,Wood,13.2
2016,Yoakum,12.2
2016,Young,14.6
2016,Zapata,29.1
2016,Zavala,34.4
2017,Anderson,18.8
2017,Andrews,13.0
2017,Angelina,20.0
2017,Aransas,18.1
2017,Archer,10.1
2017,Armstrong,10.6
2017,Atascosa,16.9
2017,Austin,10.7
2017,Bailey,17.2
2017,Bandera,11.9
2017,Bastrop,11.5
2017,Baylor,17.7
2017,Bee,26.6
2017,Bell,13.8
2017,Bexar,15.6
2017,Blanco,10.6
2017,Borden,11.0
2017,Bosque,16.0
2017,Bowie,15.9
2017,Brazoria,9.0
2017,Brazos,23.9
2017,Brewster,14.0
2017,Briscoe,15.3
2017,Brooks,35.0
2017,Brown,16.8
2017,Burleson,16.6
2017,Burnet,10.4
2017,Caldwell,14.5
2017,Calhoun,16.3
2017,Callahan,14.0
2017,Cameron,27.7
2017,Camp,20.3
2017,Carson,8.5
2017,Cass,19.0
2017,Castro,17.2
2017,Chambers,9.5
2017,Cherokee,17.2
2017,Childress,20.3
2017,Clay,11.8
2017,Cochran,24.8
2017,Coke,13.3
2017,Coleman,25.2
2017,Collin,5.9
2017,Collingsworth,18.0
2017,Colorado,14.9
2017,Comal,8.9
2017,Comanche,15.0
2017,Concho,15.4
2017,Cooke,13.0
2017,Coryell,13.6
2017,Cottle,21.2
2017,Crane,11.7
2017,Crockett,16.8
2017,Crosby,22.3
2017,Culberson,22.1
2017,Dallam,11.5
2017,Dallas,14.8
2017,Dawson,21.7
2017,Deaf Smith,17.7
2017,Delta,17.5
2017,Denton,7.1
2017,DeWitt,18.8
2017,Dickens,21.2
2017,Dimmit,31.2
2017,Donley,19.9
2017,Duval,28.6
2017,Eastland,16.8
2017,Ector,13.5
2017,Edwards,22.6
2017,Ellis,8.5
2017,El Paso,21.0
2017,Erath,15.8
2017,Falls,27.6
2017,Fannin,12.9
2017,Fayette,10.8
2017,Fisher,14.7
2017,Floyd,20.2
2017,Foard,18.0
2017,Fort Bend,8.0
2017,Franklin,14.8
2017,Freestone,16.1
2017,Frio,27.9
2017,Gaines,15.0
2017,Galveston,12.0
2017,Garza,25.3
2017,Gillespie,10.9
2017,Glasscock,9.4
2017,Goliad,15.2
2017,Gonzales,16.7
2017,Gray,17.0
2017,Grayson,13.4
2017,Gregg,16.5
2017,Grimes,18.0
2017,Guadalupe,9.3
2017,Hale,19.9
2017,Hall,24.0
2017,Hamilton,16.1
2017,Hansford,11.9
2017,Hardeman,18.0
2017,Hardin,12.7
2017,Harris,15.9
2017,Harrison,17.3
2017,Hartley,8.9
2017,Haskell,20.6
2017,Hays,12.2
2017,Hemphill,10.0
2017,Henderson,17.2
2017,Hidalgo,29.5
2017,Hill,14.9
2017,Hockley,16.2
2017,Hood,10.6
2017,Hopkins,13.7
2017,Houston,22.3
2017,Howard,18.1
2017,Hudspeth,18.3
2017,Hunt,16.9
2017,Hutchinson,12.9
2017,Irion,9.3
2017,Jack,17.4
2017,Jackson,16.0
2017,Jasper,20.0
2017,Jeff Davis,12.8
2017,Jefferson,18.6
2017,Jim Hogg,27.3
2017,Jim Wells,23.7
2017,Johnson,10.4
2017,Jones,20.9
2017,Karnes,22.1
2017,Kaufman,9.3
2017,Kendall,7.3
2017,Kenedy,15.2
2017,Kent,13.3
2017,Kerr,13.3
2017,Kimble,18.6
2017,King,13.9
2017,Kinney,20.1
2017,Kleberg,25.5
2017,Knox,20.6
2017,Lamar,16.2
2017,Lamb,20.0
2017,Lampasas,13.2
2017,La Salle,29.2
2017,Lavaca,12.1
2017,Lee,12.7
2017,Leon,16.1
2017,Liberty,15.5
2017,Limestone,19.1
2017,Lipscomb,13.4
2017,Live Oak,17.4
2017,Llano,12.9
2017,Loving,9.7
2017,Lubbock,18.9
2017,Lynn,18.1
2017,McCulloch,19.4
2017,McLennan,17.3
2017,McMullen,11.6
2017,Madison,18.3
2017,Marion,22.8
2017,Martin,13.3
2017,Mason,12.5
2017,Matagorda,18.0
2017,Maverick,27.0
2017,Medina,14.7
2017,Menard,20.6
2017,Midland,10.7
2017,Milam,19.3
2017,Mills,15.8
2017,Mitchell,20.6
2017,Montague,15.3
2017,Montgomery,8.9
2017,Moore,11.7
2017,Morris,18.4
2017,Motley,17.7
2017,Nacogdoches,23.9
2017,Navarro,16.9
2017,Newton,20.8
2017,Nolan,19.3
2017,Nueces,16.1
2017,Ochiltree,12.3
2017,Oldham,12.8
2017,Orange,13.7
2017,Palo Pinto,16.8
2017,Panola,15.0
2017,Parker,8.0
2017,Parmer,13.3
2017,Pecos,20.6
2017,Polk,18.0
2017,Potter,18.5
2017,Presidio,23.4
2017,Rains,17.0
2017,Randall,8.8
2017,Reagan,11.4
2017,Real,18.2
2017,Red River,19.5
2017,Reeves,25.1
2017,Refugio,16.9
2017,Roberts,7.0
2017,Robertson,17.4
2017,Rockwall,5.3
2017,Runnels,17.3
2017,Rusk,15.2
2017,Sabine,20.2
2017,San Augustine,21.6
2017,San Jacinto,18.2
2017,San Patricio,19.0
2017,San Saba,17.1
2017,Schleicher,16.2
2017,Scurry,17.2
2017,Shackelford,14.2
2017,Shelby,20.8
2017,Sherman,12.5
2017,Smith,15.6
2017,Somervell,10.4
2017,Starr,32.0
2017,Stephens,19.5
2017,Sterling,12.2
2017,Stonewall,15.3
2017,Sutton,14.3
2017,Swisher,19.9
2017,Tarrant,11.6
2017,Taylor,15.2
2017,Terrell,19.3
2017,Terry,21.5
2017,Throckmorton,15.4
2017,Titus,16.3
2017,Tom Green,13.5
2017,Travis,11.5
2017,Trinity,21.0
2017,Tyler,19.6
2017,Upshur,16.4
2017,Upton,14.0
2017,Uvalde,20.5
2017,Val Verde,21.4
2017,Van Zandt,13.1
2017,Victoria,15.7
2017,Walker,23.1
2017,Waller,15.5
2017,Ward,15.1
2017,Washington,12.9
2017,Webb,27.3
2017,Wharton,16.0
2017,Wheeler,14.5
2017,Wichita,16.8
2017,Wilbarger,16.4
2017,Willacy,35.0
2017,Williamson,6.1
2017,Wilson,9.1
2017,Winkler,14.7
2017,Wise,11.1
2017,Wood,15.2
2017,Yoakum,12.0
2017,Young,15.8
2017,Zapata,30.0
2017,Zavala,31.6
2018,Anderson,19.8
2018,Andrews,10.7
2018,Angelina,17.9
2018,Aransas,19.9
2018,Archer,10.6
2018,Armstrong,10.7
2018,Atascosa,15.7
2018,Austin,10.2
2018,Bailey,15.8
2018,Bandera,13.4
2018,Bastrop,12.6
2018,Baylor,16.1
2018,Bee,26.7
2018,Bell,13.0
2018,Bexar,17.2
2018,Blanco,10.1
2018,Borden,10.0
2018,Bosque,14.9
2018,Bowie,19.1
2018,Brazoria,10.1
2018,Brazos,23.2
2018,Brewster,16.0
2018,Briscoe,16.2
2018,Brooks,31.0
2018,Brown,13.2
2018,Burleson,14.8
2018,Burnet,11.0
2018,Caldwell,14.1
2018,Calhoun,14.2
2018,Callahan,12.0
2018,Cameron,27.9
2018,Camp,18.8
2018,Carson,8.9
2018,Cass,20.4
2018,Castro,17.5
2018,Chambers,8.5
2018,Cherokee,17.4
2018,Childress,21.2
2018,Clay,10.9
2018,Cochran,21.9
2018,Coke,14.1
2018,Coleman,19.3
2018,Collin,6.4
2018,Collingsworth,17.3
2018,Colorado,13.7
2018,Comal,7.1
2018,Comanche,16.4
2018,Concho,26.6
2018,Cooke,14.8
2018,Coryell,15.0
2018,Cottle,21.2
2018,Crane,10.1
2018,Crockett,15.3
2018,Crosby,23.7
2018,Culberson,20.3
2018,Dallam,12.1
2018,Dallas,14.2
2018,Dawson,22.9
2018,Deaf Smith,17.5
2018,Delta,17.2
2018,Denton,7.3
2018,DeWitt,18.4
2018,Dickens,20.3
2018,Dimmit,24.6
2018,Donley,18.6
2018,Duval,25.5
2018,Eastland,18.7
2018,Ector,12.9
2018,Edwards,22.1
2018,Ellis,8.8
2018,El Paso,20.5
2018,Erath,18.1
2018,Falls,21.7
2018,Fannin,13.8
2018,Fayette,13.3
2018,Fisher,15.5
2018,Floyd,21.0
2018,Foard,18.0
2018,Fort Bend,7.9
2018,Franklin,15.2
2018,Freestone,13.7
2018,Frio,27.5
2018,Gaines,15.4
2018,Galveston,12.1
2018,Garza,24.6
2018,Gillespie,9.6
2018,Glasscock,9.7
2018,Goliad,14.4
2018,Gonzales,16.9
2018,Gray,16.7
2018,Grayson,12.3
2018,Gregg,15.1
2018,Grimes,17.5
2018,Guadalupe,8.5
2018,Hale,18.4
2018,Hall,24.1
2018,Hamilton,14.7
2018,Hansford,11.6
2018,Hardeman,17.4
2018,Hardin,12.4
2018,Harris,16.5
2018,Harrison,14.7
2018,Hartley,9.5
2018,Haskell,23.1
2018,Hays,13.2
2018,Hemphill,9.6
2018,Henderson,19.4
2018,Hidalgo,30.0
2018,Hill,12.6
2018,Hockley,19.5
2018,Hood,10.2
2018,Hopkins,14.6
2018,Houston,26.1
2018,Howard,20.6
2018,Hudspeth,17.8
2018,Hunt,13.6
2018,Hutchinson,13.0
2018,Irion,8.1
2018,Jack,17.7
2018,Jackson,12.9
2018,Jasper,19.2
2018,Jeff Davis,13.1
2018,Jefferson,18.7
2018,Jim Hogg,25.2
2018,Jim Wells,21.2
2018,Johnson,10.7
2018,Jones,22.0
2018,Karnes,21.8
2018,Kaufman,11.5
2018,Kendall,7.5
2018,Kenedy,14.3
2018,Kent,13.3
2018,Kerr,13.9
2018,Kimble,17.6
2018,King,13.7
2018,Kinney,21.1
2018,Kleberg,25.0
2018,Knox,20.4
2018,Lamar,14.4
2018,Lamb,20.0
2018,Lampasas,12.9
2018,La Salle,29.6
2018,Lavaca,13.5
2018,Lee,12.3
2018,Leon,15.6
2018,Liberty,15.1
2018,Limestone,22.2
2018,Lipscomb,12.0
2018,Live Oak,18.7
2018,Llano,12.3
2018,Loving,3.3
2018,Lubbock,17.6
2018,Lynn,18.3
2018,McCulloch,18.5
2018,McLennan,18.9
2018,McMullen,11.1
2018,Madison,17.9
2018,Marion,21.9
2018,Martin,13.6
2018,Mason,12.7
2018,Matagorda,18.4
2018,Maverick,25.9
2018,Medina,12.3
2018,Menard,21.6
2018,Midland,10.1
2018,Milam,15.6
2018,Mills,14.6
2018,Mitchell,21.4
2018,Montague,13.8
2018,Montgomery,9.3
2018,Moore,12.2
2018,Morris,20.2
2018,Motley,17.8
2018,Nacogdoches,21.6
2018,Navarro,20.0
2018,Newton,22.3
2018,Nolan,18.2
2018,Nueces,16.2
2018,Ochiltree,10.5
2018,Oldham,13.0
2018,Orange,13.4
2018,Palo Pinto,15.9
2018,Panola,15.7
2018,Parker,8.3
2018,Parmer,13.5
2018,Pecos,19.5
2018,Polk,15.0
2018,Potter,19.7
2018,Presidio,22.4
2018,Rains,14.5
2018,Randall,8.5
2018,Reagan,10.0
2018,Real,18.1
2018,Red River,18.2
2018,Reeves,21.5
2018,Refugio,16.3
2018,Roberts,7.8
2018,Robertson,15.8
2018,Rockwall,5.1
2018,Runnels,16.9
2018,Rusk,16.4
2018,Sabine,17.6
2018,San Augustine,22.2
2018,San Jacinto,17.5
2018,San Patricio,17.3
2018,San Saba,16.8
2018,Schleicher,16.5
2018,Scurry,15.8
2018,Shackelford,13.4
2018,Shelby,20.6
2018,Sherman,12.1
2018,Smith,15.0
2018,Somervell,9.7
2018,Starr,33.2
2018,Stephens,19.4
2018,Sterling,12.6
2018,Stonewall,14.6
2018,Sutton,14.2
2018,Swisher,19.2
2018,Tarrant,12.1
2018,Taylor,16.0
2018,Terrell,18.9
2018,Terry,22.4
2018,Throckmorton,14.3
2018,Titus,18.6
2018,Tom Green,15.5
2018,Travis,12.0
2018,Trinity,17.7
2018,Tyler,18.2
2018,Upshur,15.9
2018,Upton,14.2
2018,Uvalde,22.9
2018,Val Verde,18.9
2018,Van Zandt,15.6
2018,Victoria,15.4
2018,Walker,26.1
2018,Waller,15.9
2018,Ward,13.9
2018,Washington,13.8
2018,Webb,25.7
2018,Wharton,16.8
2018,Wheeler,14.0
2018,Wichita,17.8
2018,Wilbarger,15.3
2018,Willacy,35.0
2018,Williamson,6.4
2018,Wilson,10.9
2018,Winkler,14.1
2018,Wise,9.9
2018,Wood,15.3
2018,Yoakum,12.1
2018,Young,13.9
2018,Zapata,32.1
2018,Zavala,32.0
2019,Anderson,19.8
2019,Andrews,10.2
2019,Angelina,15.6
2019,Aransas,18.7
2019,Archer,10.3
2019,Armstrong,10.6
2019,Atascosa,14.7
2019,Austin,11.1
2019,Bailey,15.9
2019,Bandera,12.9
2019,Bastrop,14.0
2019,Baylor,15.9
2019,Bee,24.0
2019,Bell,13.8
2019,Bexar,15.2
2019,Blanco,8.6
2019,Borden,10.6
2019,Bosque,13.7
2019,Bowie,16.8
2019,Brazoria,8.6
2019,Brazos,20.0
2019,Brewster,13.1
2019,Briscoe,15.0
2019,Brooks,29.6
2019,Brown,13.7
2019,Burleson,13.8
2019,Burnet,10.5
2019,Caldwell,14.4
2019,Calhoun,14.7
2019,Callahan,12.1
2019,Cameron,25.5
2019,Camp,16.6
2019,Carson,8.5
2019,Cass,17.3
2019,Castro,15.3
2019,Chambers,8.6
2019,Cherokee,16.5
2019,Childress,21.9
2019,Clay,11.5
2019,Cochran,19.5
2019,Coke,13.1
2019,Coleman,17.7
2019,Collin,6.1
2019,Collingsworth,19.8
2019,Colorado,13.6
2019,Comal,6.7
2019,Comanche,13.5
2019,Concho,15.1
2019,Cooke,12.7
2019,Coryell,11.8
2019,Cottle,18.9
2019,Crane,9.6
2019,Crockett,13.8
2019,Crosby,22.1
2019,Culberson,19.7
2019,Dallam,11.4
2019,Dallas,14.0
2019,Dawson,20.6
2019,Deaf Smith,17.0
2019,Delta,16.0
2019,Denton,6.5
2019,DeWitt,17.1
2019,Dickens,19.4
2019,Dimmit,25.3
2019,Donley,16.4
2019,Duval,23.9
2019,Eastland,16.7
2019,Ector,12.1
2019,Edwards,20.7
2019,Ellis,8.7
2019,El Paso,18.8
2019,Erath,15.2
2019,Falls,21.6
2019,Fannin,13.2
2019,Fayette,10.9
2019,Fisher,13.3
2019,Floyd,17.3
2019,Foard,17.0
2019,Fort Bend,6.6
2019,Franklin,14.4
2019,Freestone,15.5
2019,Frio,27.7
2019,Gaines,13.2
2019,Galveston,11.3
2019,Garza,24.2
2019,Gillespie,8.5
2019,Glasscock,7.9
2019,Goliad,13.4
2019,Gonzales,16.2
2019,Gray,14.5
2019,Grayson,11.6
2019,Gregg,16.5
2019,Grimes,15.9
2019,Guadalupe,7.4
2019,Hale,17.9
2019,Hall,25.4
2019,Hamilton,14.3
2019,Hansford,11.7
2019,Hardeman,19.2
2019,Hardin,12.1
2019,Harris,15.0
2019,Harrison,17.8
2019,Hartley,8.6
2019,Haskell,20.7
2019,Hays,11.2
2019,Hemphill,9.1
2019,Henderson,17.5
2019,Hidalgo,26.9
2019,Hill,13.1
2019,Hockley,15.5
2019,Hood,9.2
2019,Hopkins,14.7
2019,Houston,20.9
2019,Howard,17.0
2019,Hudspeth,28.0
2019,Hunt,14.8
2019,Hutchinson,11.4
2019,Irion,7.4
2019,Jack,15.6
2019,Jackson,13.8
2019,Jasper,19.5
2019,Jeff Davis,12.7
2019,Jefferson,16.9
2019,Jim Hogg,22.8
2019,Jim Wells,21.0
2019,Johnson,11.0
2019,Jones,20.4
2019,Karnes,21.0
2019,Kaufman,9.8
2019,Kendall,7.4
2019,Kenedy,14.2
2019,Kent,11.5
2019,Kerr,12.5
2019,Kimble,17.0
2019,King,11.0
2019,Kinney,18.9
2019,Kleberg,23.3
2019,Knox,19.1
2019,Lamar,18.4
2019,Lamb,18.5
2019,Lampasas,12.4
2019,La Salle,26.6
2019,Lavaca,11.0
2019,Lee,10.7
2019,Leon,14.4
2019,Liberty,14.4
2019,Limestone,19.2
2019,Lipscomb,12.4
2019,Live Oak,16.5
2019,Llano,10.8
2019,Loving,7.1
2019,Lubbock,17.9
2019,Lynn,16.0
2019,McCulloch,17.6
2019,McLennan,18.0
2019,McMullen,10.5
2019,Madison,17.8
2019,Marion,21.4
2019,Martin,12.1
2019,Mason,11.7
2019,Matagorda,17.5
2019,Maverick,26.9
2019,Medina,12.2
2019,Menard,20.7
2019,Midland,9.9
2019,Milam,16.3
2019,Mills,13.2
2019,Mitchell,19.5
2019,Montague,12.9
2019,Montgomery,8.9
2019,Moore,11.9
2019,Morris,18.1
2019,Motley,17.6
2019,Nacogdoches,20.9
2019,Navarro,13.4
2019,Newton,22.8
2019,Nolan,17.5
2019,Nueces,16.5
2019,Ochiltree,11.4
2019,Oldham,13.1
2019,Orange,12.5
2019,Palo Pinto,17.2
2019,Panola,14.3
2019,Parker,8.2
2019,Parmer,11.8
2019,Pecos,18.7
2019,Polk,16.7
2019,Potter,20.3
2019,Presidio,19.2
2019,Rains,13.4
2019,Randall,9.0
2019,Reagan,8.9
2019,Real,17.7
2019,Red River,19.6
2019,Reeves,22.1
2019,Refugio,18.0
2019,Roberts,7.4
2019,Robertson,20.7
2019,Rockwall,4.8
2019,Runnels,17.2
2019,Rusk,15.4
2019,Sabine,17.6
2019,San Augustine,22.5
2019,San Jacinto,16.8
2019,San Patricio,14.4
2019,San Saba,20.7
2019,Schleicher,15.0
2019,Scurry,14.7
2019,Shackelford,12.7
2019,Shelby,21.4
2019,Sherman,11.1
2019,Smith,12.9
2019,Somervell,9.4
2019,Starr,32.5
2019,Stephens,17.0
2019,Sterling,10.7
2019,Stonewall,15.1
2019,Sutton,13.1
2019,Swisher,20.6
2019,Tarrant,10.2
2019,Taylor,14.0
2019,Terrell,17.5
2019,Terry,21.6
2019,Throckmorton,13.9
2019,Titus,16.3
2019,Tom Green,12.9
2019,Travis,10.8
2019,Trinity,17.9
2019,Tyler,17.2
2019,Upshur,14.9
2019,Upton,13.8
2019,Uvalde,19.8
2019,Val Verde,20.8
2019,Van Zandt,13.6
2019,Victoria,14.3
2019,Walker,21.4
2019,Waller,13.2
2019,Ward,12.4
2019,Washington,10.6
2019,Webb,20.9
2019,Wharton,16.4
2019,Wheeler,11.6
2019,Wichita,13.9
2019,Wilbarger,14.9
2019,Willacy,30.5
2019,Williamson,5.4
2019,Wilson,8.3
2019,Winkler,12.5
2019,Wise,8.3
2019,Wood,14.3
2019,Yoakum,10.6
2019,Young,13.6
2019,Zapata,30.1
2019,Zavala,29.6
2020,Anderson,20.9
2020,Andrews,9.2
2020,Angelina,17.0
2020,Aransas,17.1
2020,Archer,6.9
2020,Armstrong,9.3
2020,Atascosa,14.9
2020,Austin,11.4
2020,Bailey,14.4
2020,Bandera,11.0
2020,Bastrop,10.8
2020,Baylor,15.3
2020,Bee,23.1
2020,Bell,14.7
2020,Bexar,15.0
2020,Blanco,9.8
2020,Borden,7.5
2020,Bosque,12.5
2020,Bowie,17.4
2020,Brazoria,8.3
2020,Brazos,22.3
2020,Brewster,14.0
2020,Briscoe,13.4
2020,Brooks,28.7
2020,Brown,15.6
2020,Burleson,13.1
2020,Burnet,9.5
2020,Caldwell,12.7
2020,Calhoun,12.4
2020,Callahan,12.2
2020,Cameron,24.4
2020,Camp,16.7
2020,Carson,8.3
2020,Cass,17.7
2020,Castro,15.3
2020,Chambers,9.3
2020,Cherokee,16.7
2020,Childress,21.4
2020,Clay,11.1
2020,Cochran,19.2
2020,Coke,11.4
2020,Coleman,16.0
2020,Collin,6.2
2020,Collingsworth,16.9
2020,Colorado,12.7
2020,Comal,7.5
2020,Comanche,15.9
2020,Concho,13.5
2020,Cooke,11.3
2020,Coryell,12.7
2020,Cottle,17.9
2020,Crane,9.0
2020,Crockett,12.4
2020,Crosby,19.8
2020,Culberson,18.6
2020,Dallam,11.1
2020,Dallas,13.7
2020,Dawson,18.7
2020,Deaf Smith,15.5
2020,Delta,14.3
2020,Denton,6.9
2020,DeWitt,20.5
2020,Dickens,18.9
2020,Dimmit,25.5
2020,Donley,16.3
2020,Duval,20.0
2020,Eastland,17.0
2020,Ector,13.6
2020,Edwards,19.1
2020,Ellis,7.9
2020,El Paso,17.6
2020,Erath,12.6
2020,Falls,20.0
2020,Fannin,15.4
2020,Fayette,9.4
2020,Fisher,13.3
2020,Floyd,17.7
2020,Foard,16.8
2020,Fort Bend,7.4
2020,Franklin,12.9
2020,Freestone,13.3
2020,Frio,22.3
2020,Gaines,11.1
2020,Galveston,9.9
2020,Garza,20.6
2020,Gillespie,9.2
2020,Glasscock,7.3
2020,Goliad,13.2
2020,Gonzales,14.3
2020,Gray,14.2
2020,Grayson,13.6
2020,Gregg,18.1
2020,Grimes,15.3
2020,Guadalupe,8.5
2020,Hale,17.6
2020,Hall,18.6
2020,Hamilton,14.7
2020,Hansford,10.7
2020,Hardeman,15.0
2020,Hardin,10.4
2020,Harris,15.9
2020,Harrison,15.6
2020,Hartley,9.5
2020,Haskell,20.0
2020,Hays,9.6
2020,Hemphill,9.5
2020,Henderson,14.2
2020,Hidalgo,23.9
2020,Hill,14.0
2020,Hockley,12.9
2020,Hood,9.4
2020,Hopkins,12.7
2020,Houston,20.0
2020,Howard,15.7
2020,Hudspeth,24.2
2020,Hunt,12.6
2020,Hutchinson,12.1
2020,Irion,6.9
2020,Jack,13.6
2020,Jackson,12.7
2020,Jasper,17.3
2020,Jeff Davis,22.2
2020,Jefferson,18.3
2020,Jim Hogg,20.1
2020,Jim Wells,20.1
2020,Johnson,9.5
2020,Jones,19.5
2020,Karnes,17.5
2020,Kaufman,9.2
2020,Kendall,6.7
2020,Kenedy,10.8
2020,Kent,11.3
2020,Kerr,11.6
2020,Kimble,15.7
2020,King,12.4
2020,Kinney,17.9
2020,Kleberg,20.8
2020,Knox,16.3
2020,Lamar,19.6
2020,Lamb,17.6
2020,Lampasas,10.0
2020,La Salle,24.0
2020,Lavaca,10.6
2020,Lee,10.6
2020,Leon,13.8
2020,Liberty,14.4
2020,Limestone,16.8
2020,Lipscomb,11.3
2020,Live Oak,17.0
2020,Llano,10.9
2020,Loving,3.9
2020,Lubbock,15.8
2020,Lynn,14.4
2020,McCulloch,16.2
2020,McLennan,17.0
2020,McMullen,9.7
2020,Madison,17.4
2020,Marion,20.0
2020,Martin,11.1
2020,Mason,9.8
2020,Matagorda,17.3
2020,Maverick,20.0
2020,Medina,11.2
2020,Menard,19.1
2020,Midland,9.7
2020,Milam,17.4
2020,Mills,14.4
2020,Mitchell,18.7
2020,Montague,12.4
2020,Montgomery,8.2
2020,Moore,10.6
2020,Morris,17.0
2020,Motley,16.3
2020,Nacogdoches,19.5
2020,Navarro,14.8
2020,Newton,21.3
2020,Nolan,17.2
2020,Nueces,17.5
2020,Ochiltree,9.2
2020,Oldham,14.0
2020,Orange,15.1
2020,Palo Pinto,13.9
2020,Panola,15.3
2020,Parker,8.0
2020,Parmer,12.2
2020,Pecos,16.5
2020,Polk,15.0
2020,Potter,20.8
2020,Presidio,19.4
2020,Rains,13.6
2020,Randall,9.6
2020,Reagan,8.3
2020,Real,16.4
2020,Red River,15.7
2020,Reeves,19.0
2020,Refugio,15.3
2020,Roberts,6.4
2020,Robertson,14.2
2020,Rockwall,4.8
2020,Runnels,14.3
2020,Rusk,14.2
2020,Sabine,16.0
2020,San Augustine,19.6
2020,San Jacinto,16.1
2020,San Patricio,14.8
2020,San Saba,17.4
2020,Schleicher,13.2
2020,Scurry,13.8
2020,Shackelford,12.5
2020,Shelby,18.0
2020,Sherman,11.3
2020,Smith,12.7
2020,Somervell,8.3
2020,Starr,25.2
2020,Stephens,15.6
2020,Sterling,10.2
2020,Stonewall,14.3
2020,Sutton,11.7
2020,Swisher,19.6
2020,Tarrant,10.5
2020,Taylor,12.2
2020,Terrell,14.0
2020,Terry,18.5
2020,Throckmorton,13.5
2020,Titus,14.3
2020,Tom Green,12.0
2020,Travis,10.2
2020,Trinity,16.8
2020,Tyler,18.9
2020,Upshur,12.6
2020,Upton,12.1
2020,Uvalde,19.0
2020,Val Verde,15.6
2020,Van Zandt,12.9
2020,Victoria,16.5
2020,Walker,18.0
2020,Waller,12.6
2020,Ward,9.8
2020,Washington,11.7
2020,Webb,19.9
2020,Wharton,13.8
2020,Wheeler,13.5
2020,Wichita,16.0
2020,Wilbarger,14.6
2020,Willacy,24.7
2020,Williamson,5.6
2020,Wilson,9.4
2020,Winkler,11.8
2020,Wise,10.0
2020,Wood,13.5
2020,Yoakum,10.8
2020,Young,14.8
2020,Zapata,24.6
2020,Zavala,27.2
2021,Anderson,20.4
2021,Andrews,11.8
2021,Angelina,18.4
2021,Aransas,15.1
2021,Archer,9.6
2021,Armstrong,9.9
2021,Atascosa,16.4
2021,Austin,10.4
2021,Bailey,16.1
2021,Bandera,11.4
2021,Bastrop,11.5
2021,Baylor,17.6
2021,Bee,27.1
2021,Bell,14.3
2021,Bexar,14.8
2021,Blanco,9.0
2021,Borden,9.9
2021,Bosque,13.2
2021,Bowie,17.8
2021,Brazoria,9.0
2021,Brazos,22.6
2021,Brewster,13.3
2021,Briscoe,14.7
2021,Brooks,28.6
2021,Brown,15.3
2021,Burleson,14.4
2021,Burnet,9.9
2021,Caldwell,12.8
2021,Calhoun,14.6
2021,Callahan,12.1
2021,Cameron,24.6
2021,Camp,16.7
2021,Carson,9.1
2021,Cass,18.2
2021,Castro,16.2
2021,Chambers,10.4
2021,Cherokee,18.1
2021,Childress,21.1
2021,Clay,10.7
2021,Cochran,21.3
2021,Coke,15.1
2021,Coleman,19.3
2021,Collin,6.6
2021,Collingsworth,16.9
2021,Colorado,12.4
2021,Comal,5.3
2021,Comanche,16.1
2021,Concho,14.9
2021,Cooke,13.0
2021,Coryell,13.6
2021,Cottle,18.8
2021,Crane,11.3
2021,Crockett,14.6
2021,Crosby,23.2
2021,Culberson,19.6
2021,Dallam,10.5
2021,Dallas,14.4
2021,Dawson,21.3
2021,Deaf Smith,17.3
2021,Delta,15.8
2021,Denton,7.4
2021,DeWitt,17.1
2021,Dickens,20.7
2021,Dimmit,25.7
2021,Donley,16.9
2021,Duval,30.0
2021,Eastland,18.5
2021,Ector,16.6
2021,Edwards,20.1
2021,Ellis,8.8
2021,El Paso,20.1
2021,Erath,17.9
2021,Falls,20.3
2021,Fannin,14.3
2021,Fayette,11.0
2021,Fisher,15.3
2021,Floyd,18.2
2021,Foard,17.4
2021,Fort Bend,7.2
2021,Franklin,14.8
2021,Freestone,15.8
2021,Frio,26.7
2021,Gaines,13.8
2021,Galveston,12.1
2021,Garza,24.8
2021,Gillespie,8.8
2021,Glasscock,8.5
2021,Goliad,14.7
2021,Gonzales,16.1
2021,Gray,17.7
2021,Grayson,11.2
2021,Gregg,16.1
2021,Grimes,16.1
2021,Guadalupe,9.5
2021,Hale,19.6
2021,Hall,24.1
2021,Hamilton,14.8
2021,Hansford,11.7
2021,Hardeman,17.2
2021,Hardin,9.7
2021,Harris,16.4
2021,Harrison,15.0
2021,Hartley,10.4
2021,Haskell,20.6
2021,Hays,12.4
2021,Hemphill,10.2
2021,Henderson,15.8
2021,Hidalgo,28.8
2021,Hill,13.9
2021,Hockley,16.4
2021,Hood,10.2
2021,Hopkins,14.5
2021,Houston,19.8
2021,Howard,16.9
2021,Hudspeth,24.0
2021,Hunt,13.8
2021,Hutchinson,12.6
2021,Irion,8.8
2021,Jack,16.0
2021,Jackson,13.5
2021,Jasper,23.8
2021,Jeff Davis,21.3
2021,Jefferson,19.2
2021,Jim Hogg,23.2
2021,Jim Wells,21.4
2021,Johnson,9.8
2021,Jones,19.7
2021,Karnes,22.1
2021,Kaufman,8.9
2021,Kendall,6.8
2021,Kenedy,14.2
2021,Kent,11.5
2021,Kerr,12.4
2021,Kimble,15.6
2021,King,11.6
2021,Kinney,19.0
2021,Kleberg,24.6
2021,Knox,17.1
2021,Lamar,17.0
2021,Lamb,19.1
2021,Lampasas,12.2
2021,La Salle,28.6
2021,Lavaca,12.4
2021,Lee,12.8
2021,Leon,16.3
2021,Liberty,15.6
2021,Limestone,16.8
2021,Lipscomb,13.3
2021,Live Oak,17.7
2021,Llano,12.1
2021,Loving,5.3
2021,Lubbock,16.1
2021,Lynn,16.8
2021,McCulloch,17.3
2021,McLennan,14.7
2021,McMullen,12.1
2021,Madison,17.5
2021,Marion,23.0
2021,Martin,13.3
2021,Mason,11.8
2021,Matagorda,22.9
2021,Maverick,20.5
2021,Medina,14.2
2021,Menard,19.4
2021,Midland,10.5
2021,Milam,14.6
2021,Mills,13.7
2021,Mitchell,19.2
2021,Montague,14.1
2021,Montgomery,10.5
2021,Moore,11.9
2021,Morris,18.5
2021,Motley,16.9
2021,Nacogdoches,20.8
2021,Navarro,16.0
2021,Newton,19.8
2021,Nolan,18.3
2021,Nueces,18.2
2021,Ochiltree,11.8
2021,Oldham,15.7
2021,Orange,12.5
2021,Palo Pinto,14.8
2021,Panola,13.5
2021,Parker,7.9
2021,Parmer,15.2
2021,Pecos,22.6
2021,Polk,16.9
2021,Potter,20.7
2021,Presidio,21.3
2021,Rains,12.8
2021,Randall,9.1
2021,Reagan,11.9
2021,Real,15.6
2021,Red River,18.7
2021,Reeves,22.2
2021,Refugio,15.5
2021,Roberts,7.4
2021,Robertson,16.9
2021,Rockwall,5.1
2021,Runnels,15.3
2021,Rusk,16.8
2021,Sabine,16.3
2021,San Augustine,22.7
2021,San Jacinto,17.3
2021,San Patricio,16.4
2021,San Saba,17.9
2021,Schleicher,14.8
2021,Scurry,15.1
2021,Shackelford,12.0
2021,Shelby,19.6
2021,Sherman,12.0
2021,Smith,13.0
2021,Somervell,9.3
2021,Starr,31.6
2021,Stephens,16.2
2021,Sterling,11.8
2021,Stonewall,15.5
2021,Sutton,13.9
2021,Swisher,20.9
2021,Tarrant,11.6
2021,Taylor,17.9
2021,Terrell,17.4
2021,Terry,22.3
2021,Throckmorton,15.0
2021,Titus,16.0
2021,Tom Green,13.2
2021,Travis,11.2
2021,Trinity,17.1
2021,Tyler,17.5
2021,Upshur,14.9
2021,Upton,15.6
2021,Uvalde,20.5
2021,Val Verde,18.8
2021,Van Zandt,13.3
2021,Victoria,16.2
2021,Walker,23.9
2021,Waller,13.6
2021,Ward,14.1
2021,Washington,14.0
2021,Webb,22.6
2021,Wharton,15.9
2021,Wheeler,14.1
2021,Wichita,14.6
2021,Wilbarger,14.1
2021,Willacy,34.3
2021,Williamson,6.0
2021,Wilson,9.8
2021,Winkler,14.7
2021,Wise,10.2
2021,Wood,14.1
2021,Yoakum,12.8
2021,Young,14.8
2021,Zapata,28.9
2021,Zavala,25.4
2022,Anderson,19.3
2022,Andrews,12.2
2022,Angelina,15.9
2022,Aransas,17.4
2022,Archer,9
2022,Armstrong,10.2
2022,Atascosa,16.2
2022,Austin,15
2022,Bailey,16.3
2022,Bandera,11.7
2022,Bastrop,12.3
2022,Baylor,13.9
2022,Bee,28.7
2022,Bell,14.2
2022,Bexar,15.6
2022,Blanco,8.4
2022,Borden,11.5
2022,Bosque,12.4
2022,Bowie,18.8
2022,Brazoria,10.1
2022,Brazos,22.2
2022,Brewster,14
2022,Briscoe,15.4
2022,Brooks,28
2022,Brown,17.4
2022,Burleson,15.4
2022,Burnet,9
2022,Caldwell,14.5
2022,Calhoun,15.9
2022,Callahan,13.7
2022,Cameron,22.6
2022,Camp,18.1
2022,Carson,8.6
2022,Cass,17.4
2022,Castro,16.7
2022,Chambers,8.3
2022,Cherokee,16.8
2022,Childress,20
2022,Clay,10.7
2022,Cochran,26.3
2022,Coke,15.4
2022,Coleman,18
2022,Collin,4.8
2022,Collingsworth,16.9
2022,Colorado,14.5
2022,Comal,7.1
2022,Comanche,16.6
2022,Concho,20.2
2022,Cooke,12.5
2022,Coryell,12.2
2022,Cottle,20.2
2022,Crane,11.4
2022,Crockett,15.8
2022,Crosby,22
2022,Culberson,20.1
2022,Dallam,11.1
2022,Dallas,14.2
2022,Dawson,22.2
2022,Deaf Smith,16.9
2022,Delta,16.6
2022,Denton,7.8
2022,DeWitt,19.8
2022,Dickens,16.2
2022,Dimmit,25.1
2022,Donley,17.9
2022,Duval,27
2022,Eastland,14.9
2022,Ector,16.2
2022,Edwards,20.7
2022,Ellis,9
2022,El Paso,21
2022,Erath,12.9
2022,Falls,21.4
2022,Fannin,13.7
2022,Fayette,10.8
2022,Fisher,16.9
2022,Floyd,21.3
2022,Foard,17
2022,Fort Bend,7.9
2022,Franklin,13.7
2022,Freestone,15.7
2022,Frio,24.6
2022,Gaines,14.7
2022,Galveston,13.5
2022,Garza,26.6
2022,Gillespie,9.6
2022,Glasscock,9.1
2022,Goliad,14.5
2022,Gonzales,15.4
2022,Gray,16.7
2022,Grayson,11.1
2022,Gregg,16.2
2022,Grimes,15.5
2022,Guadalupe,9.5
2022,Hale,21.5
2022,Hall,23.1
2022,Hamilton,13.7
2022,Hansford,11.3
2022,Hardeman,16.3
2022,Hardin,13.2
2022,Harris,16.4
2022,Harrison,15.7
2022,Hartley,9
2022,Haskell,20.4
2022,Hays,9.9
2022,Hemphill,11.2
2022,Henderson,13
2022,Hidalgo,27.4
2022,Hill,15.6
2022,Hockley,14.9
2022,Hood,9.8
2022,Hopkins,12.8
2022,Houston,20.1
2022,Howard,17
2022,Hudspeth,35.7
2022,Hunt,12.9
2022,Hutchinson,11.9
2022,Irion,8.6
2022,Jack,15.8
2022,Jackson,15.2
2022,Jasper,19.4
2022,Jeff Davis,13.3
2022,Jefferson,18.8
2022,Jim Hogg,26.9
2022,Jim Wells,24.8
2022,Johnson,10
2022,Jones,22
2022,Karnes,19.5
2022,Kaufman,8.6
2022,Kendall,7
2022,Kenedy,7.6
2022,Kent,11.8
2022,Kerr,12.5
2022,Kimble,16.9
2022,King,10.3
2022,Kinney,21
2022,Kleberg,26.7
2022,Knox,19.3
2022,Lamar,15
2022,Lamb,17.8
2022,Lampasas,13
2022,La Salle,29
2022,Lavaca,12.5
2022,Lee,12.3
2022,Leon,14
2022,Liberty,19.9
2022,Limestone,18.7
2022,Lipscomb,13.6
2022,Live Oak,19.2
2022,Llano,12.8
2022,Loving,3.9
2022,Lubbock,17.3
2022,Lynn,15.6
2022,McCulloch,18.6
2022,McLennan,16
2022,McMullen,12.6
2022,Madison,16.7
2022,Marion,17.9
2022,Martin,13.7
2022,Mason,12.5
2022,Matagorda,19.9
2022,Maverick,21.9
2022,Medina,11.8
2022,Menard,20.6
2022,Midland,11.6
2022,Milam,16.6
2022,Mills,15
2022,Mitchell,21.5
2022,Montague,14.8
2022,Montgomery,8.5
2022,Moore,11.5
2022,Morris,18.5
2022,Motley,18.3
2022,Nacogdoches,23.3
2022,Navarro,22.9
2022,Newton,18.1
2022,Nolan,18.3
2022,Nueces,17.3
2022,Ochiltree,11.7
2022,Oldham,12.3
2022,Orange,13.8
2022,Palo Pinto,15.7
2022,Panola,13.7
2022,Parker,7.8
2022,Parmer,13.9
2022,Pecos,17.9
2022,Polk,18.7
2022,Potter,19.5
2022,Presidio,23
2022,Rains,13.9
2022,Randall,8.5
2022,Reagan,11.3
2022,Real,16.6
2022,Red River,19.3
2022,Reeves,22.9
2022,Refugio,17.5
2022,Roberts,9.5
2022,Robertson,17.6
2022,Rockwall,4.7
2022,Runnels,16
2022,Rusk,17.4
2022,Sabine,16.8
2022,San Augustine,19.9
2022,San Jacinto,16.8
2022,San Patricio,17.2
2022,San Saba,18.9
2022,Schleicher,16
2022,Scurry,15.2
2022,Shackelford,12.6
2022,Shelby,20.5
2022,Sherman,12.1
2022,Smith,11.8
2022,Somervell,9
2022,Starr,32.8
2022,Stephens,18.9
2022,Sterling,12.1
2022,Stonewall,15.8
2022,Sutton,13.8
2022,Swisher,19.9
2022,Tarrant,10.6
2022,Taylor,16.2
2022,Terrell,18.2
2022,Terry,20.6
2022,Throckmorton,12.9
2022,Titus,16
2022,Tom Green,13.1
2022,Travis,10.1
2022,Trinity,15.9
2022,Tyler,17.5
2022,Upshur,15.6
2022,Upton,15.6
2022,Uvalde,24.9
2022,Val Verde,21.3
2022,Van Zandt,13.6
2022,Victoria,15.5
2022,Walker,20
2022,Waller,14.3
2022,Ward,14.6
2022,Washington,13.5
2022,Webb,20.9
2022,Wharton,14.6
2022,Wheeler,15.3
2022,Wichita,15.5
2022,Wilbarger,16.6
2022,Willacy,29
2022,Williamson,6.2
2022,Wilson,10.5
2022,Winkler,14
2022,Wise,8.2
2022,Wood,13
2022,Yoakum,14.1
2022,Young,15.7
2022,Zapata,32.8
2022,Zavala,29.1
2022,Anderson,19.3
2022,Andrews,12.2
2022,Angelina,15.9
2022,Aransas,17.4
2022,Archer,9
2022,Armstrong,10.2
2022,Atascosa,16.2
2022,Austin,15
2022,Bailey,16.3
2022,Bandera,11.7
2022,Bastrop,12.3
2022,Baylor,13.9
2022,Bee,28.7
2022,Bell,14.2
2022,Bexar,15.6
2022,Blanco,8.4
2022,Borden,11.5
2022,Bosque,12.4
2022,Bowie,18.8
2022,Brazoria,10.1
2022,Brazos,22.2
2022,Brewster,14
2022,Briscoe,15.4
2022,Brooks,28
2022,Brown,17.4
2022,Burleson,15.4
2022,Burnet,9
2022,Caldwell,14.5
2022,Calhoun,15.9
2022,Callahan,13.7
2022,Cameron,22.6
2022,Camp,18.1
2022,Carson,8.6
2022,Cass,17.4
2022,Castro,16.7
2022,Chambers,8.3
2022,Cherokee,16.8
2022,Childress,20
2022,Clay,10.7
2022,Cochran,26.3
2022,Coke,15.4
2022,Coleman,18
2022,Collin,4.8
2022,Collingsworth,16.9
2022,Colorado,14.5
2022,Comal,7.1
2022,Comanche,16.6
2022,Concho,20.2
2022,Cooke,12.5
2022,Coryell,12.2
2022,Cottle,20.2
2022,Crane,11.4
2022,Crockett,15.8
2022,Crosby,22
2022,Culberson,20.1
2022,Dallam,11.1
2022,Dallas,14.2
2022,Dawson,22.2
2022,Deaf Smith,16.9
2022,Delta,16.6
2022,Denton,7.8
2022,DeWitt,19.8
2022,Dickens,16.2
2022,Dimmit,25.1
2022,Donley,17.9
2022,Duval,27
2022,Eastland,14.9
2022,Ector,16.2
2022,Edwards,20.7
2022,Ellis,9
2022,El Paso,21
2022,Erath,12.9
2022,Falls,21.4
2022,Fannin,13.7
2022,Fayette,10.8
2022,Fisher,16.9
2022,Floyd,21.3
2022,Foard,17
2022,Fort Bend,7.9
2022,Franklin,13.7
2022,Freestone,15.7
2022,Frio,24.6
2022,Gaines,14.7
2022,Galveston,13.5
2022,Garza,26.6
2022,Gillespie,9.6
2022,Glasscock,9.1
2022,Goliad,14.5
2022,Gonzales,15.4
2022,Gray,16.7
2022,Grayson,11.1
2022,Gregg,16.2
2022,Grimes,15.5
2022,Guadalupe,9.5
2022,Hale,21.5
2022,Hall,23.1
2022,Hamilton,13.7
2022,Hansford,11.3
2022,Hardeman,16.3
2022,Hardin,13.2
2022,Harris,16.4
2022,Harrison,15.7
2022,Hartley,9
2022,Haskell,20.4
2022,Hays,9.9
2022,Hemphill,11.2
2022,Henderson,13
2022,Hidalgo,27.4
2022,Hill,15.6
2022,Hockley,14.9
2022,Hood,9.8
2022,Hopkins,12.8
2022,Houston,20.1
2022,Howard,17
2022,Hudspeth,35.7
2022,Hunt,12.9
2022,Hutchinson,11.9
2022,Irion,8.6
2022,Jack,15.8
2022,Jackson,15.2
2022,Jasper,19.4
2022,Jeff Davis,13.3
2022,Jefferson,18.8
2022,Jim Hogg,26.9
2022,Jim Wells,24.8
2022,Johnson,10
2022,Jones,22
2022,Karnes,19.5
2022,Kaufman,8.6
2022,Kendall,7
2022,Kenedy,7.6
2022,Kent,11.8
2022,Kerr,12.5
2022,Kimble,16.9
2022,King,10.3
2022,Kinney,21
2022,Kleberg,26.7
2022,Knox,19.3
2022,Lamar,15
2022,Lamb,17.8
2022,Lampasas,13
2022,La Salle,29
2022,Lavaca,12.5
2022,Lee,12.3
2022,Leon,14
2022,Liberty,19.9
2022,Limestone,18.7
2022,Lipscomb,13.6
2022,Live Oak,19.2
2022,Llano,12.8
2022,Loving,3.9
2022,Lubbock,17.3
2022,Lynn,15.6
2022,McCulloch,18.6
2022,McLennan,16
2022,McMullen,12.6
2022,Madison,16.7
2022,Marion,17.9
2022,Martin,13.7
2022,Mason,12.5
2022,Matagorda,19.9
2022,Maverick,21.9
2022,Medina,11.8
2022,Menard,20.6
2022,Midland,11.6
2022,Milam,16.6
2022,Mills,15
2022,Mitchell,21.5
2022,Montague,14.8
2022,Montgomery,8.5
2022,Moore,11.5
2022,Morris,18.5
2022,Motley,18.3
2022,Nacogdoches,23.3
2022,Navarro,22.9
2022,Newton,18.1
2022,Nolan,18.3
2022,Nueces,17.3
2022,Ochiltree,11.7
2022,Oldham,12.3
2022,Orange,13.8
2022,Palo Pinto,15.7
2022,Panola,13.7
2022,Parker,7.8
2022,Parmer,13.9
2022,Pecos,17.9
2022,Polk,18.7
2022,Potter,19.5
2022,Presidio,23
2022,Rains,13.9
2022,Randall,8.5
2022,Reagan,11.3
2022,Real,16.6
2022,Red River,19.3
2022,Reeves,22.9
2022,Refugio,17.5
2022,Roberts,9.5
2022,Robertson,17.6
2022,Rockwall,4.7
2022,Runnels,16
2022,Rusk,17.4
2022,Sabine,16.8
2022,San Augustine,19.9
2022,San Jacinto,16.8
2022,San Patricio,17.2
2022,San Saba,18.9
2022,Schleicher,16
2022,Scurry,15.2
2022,Shackelford,12.6
2022,Shelby,20.5
2022,Sherman,12.1
2022,Smith,11.8
2022,Somervell,9
2022,Starr,32.8
2022,Stephens,18.9
2022,Sterling,12.1
2022,Stonewall,15.8
2022,Sutton,13.8
2022,Swisher,19.9
2022,Tarrant,10.6
2022,Taylor,16.2
2022,Terrell,18.2
2022,Terry,20.6
2022,Throckmorton,12.9
2022,Titus,16
2022,Tom Green,13.1
2022,Travis,10.1
2022,Trinity,15.9
2022,Tyler,17.5
2022,Upshur,15.6
2022,Upton,15.6
2022,Uvalde,24.9
2022,Val Verde,21.3
2022,Van Zandt,13.6
2022,Victoria,15.5
2022,Walker,20
2022,Waller,14.3
2022,Ward,14.6
2022,Washington,13.5
2022,Webb,20.9
2022,Wharton,14.6
2022,Wheeler,15.3
2022,Wichita,15.5
2022,Wilbarger,16.6
2022,Willacy,29
2022,Williamson,6.2
2022,Wilson,10.5
2022,Winkler,14
2022,Wise,8.2
2022,Wood,13
2022,Yoakum,14.1
2022,Young,15.7
2022,Zapata,32.8
2022,Zavala,29.1
2023,Anderson,21.4
2023,Andrews,11.4
2023,Angelina,17.2
2023,Aransas,17.1
2023,Archer,9.7
2023,Armstrong,10.5
2023,Atascosa,18.4
2023,Austin,11.6
2023,Bailey,16.4
2023,Bandera,12.9
2023,Bastrop,11.3
2023,Baylor,17.4
2023,Bee,24.9
2023,Bell,11.5
2023,Bexar,14.7
2023,Blanco,8.5
2023,Borden,11.9
2023,Bosque,11.7
2023,Bowie,14.8
2023,Brazoria,9.4
2023,Brazos,23.7
2023,Brewster,13.7
2023,Briscoe,13.9
2023,Brooks,29.7
2023,Brown,14.8
2023,Burleson,13.9
2023,Burnet,9.9
2023,Caldwell,13.7
2023,Calhoun,14.6
2023,Callahan,12.7
2023,Cameron,23.5
2023,Camp,17.6
2023,Carson,9.1
2023,Cass,16.5
2023,Castro,17.7
2023,Chambers,8.6
2023,Cherokee,18.9
2023,Childress,19.9
2023,Clay,11.7
2023,Cochran,22
2023,Coke,13
2023,Coleman,17.7
2023,Collin,6.4
2023,Collingsworth,18.9
2023,Colorado,14.5
2023,Comal,7.1
2023,Comanche,17.6
2023,Concho,22.2
2023,Cooke,12.5
2023,Coryell,12.2
2023,Cottle,20.1
2023,Crane,11.7
2023,Crockett,15.3
2023,Crosby,21.7
2023,Culberson,20.5
2023,Dallam,12.2
2023,Dallas,13.8
2023,Dawson,19.7
2023,Deaf Smith,16.5
2023,Delta,15.1
2023,Denton,6.1
2023,DeWitt,18.3
2023,Dickens,18.4
2023,Dimmit,27.3
2023,Donley,16.9
2023,Duval,29.1
2023,Eastland,16.3
2023,Ector,11.7
2023,Edwards,19.7
2023,Ellis,7.4
2023,El Paso,18.5
2023,Erath,15.8
2023,Falls,20.1
2023,Fannin,14.2
2023,Fayette,9.3
2023,Fisher,14.3
2023,Floyd,20.3
2023,Foard,16.8
2023,Fort Bend,8.5
2023,Franklin,14.1
2023,Freestone,15.4
2023,Frio,25.6
2023,Gaines,13.4
2023,Galveston,11.5
2023,Garza,18.5
2023,Gillespie,10
2023,Glasscock,8.1
2023,Goliad,13.8
2023,Gonzales,17.6
2023,Gray,17.3
2023,Grayson,10.9
2023,Gregg,16
2023,Grimes,14.9
2023,Guadalupe,8.1
2023,Hale,19.3
2023,Hall,22.1
2023,Hamilton,13.7
2023,Hansford,11.6
2023,Hardeman,16.4
2023,Hardin,11.5
2023,Harris,16
2023,Harrison,17.2
2023,Hartley,8.5
2023,Haskell,19.3
2023,Hays,9.8
2023,Hemphill,10.1
2023,Henderson,16.9
2023,Hidalgo,26.9
2023,Hill,14.2
2023,Hockley,15.1
2023,Hood,8.1
2023,Hopkins,13
2023,Houston,21.8
2023,Howard,18
2023,Hudspeth,32
2023,Hunt,12.7
2023,Hutchinson,14.3
2023,Irion,8.9
2023,Jack,13.2
2023,Jackson,14
2023,Jasper,16.6
2023,Jeff Davis,12.8
2023,Jefferson,20.1
2023,Jim Hogg,24.6
2023,Jim Wells,21.2
2023,Johnson,9.9
2023,Jones,20.5
2023,Karnes,23.6
2023,Kaufman,9.6
2023,Kendall,6.9
2023,Kenedy,14.9
2023,Kent,11.6
2023,Kerr,12
2023,Kimble,17.4
2023,King,9.7
2023,Kinney,21
2023,Kleberg,22.1
2023,Knox,20.5
2023,Lamar,19.2
2023,Lamb,18.3
2023,Lampasas,11.5
2023,La Salle,27.1
2023,Lavaca,12.5
2023,Lee,11.2
2023,Leon,13.7
2023,Liberty,14.5
2023,Limestone,18
2023,Lipscomb,12.6
2023,Live Oak,17
2023,Llano,11.7
2023,Loving,4.7
2023,Lubbock,17.1
2023,Lynn,16.7
2023,McCulloch,18.5
2023,McLennan,16.7
2023,McMullen,12.4
2023,Madison,18.3
2023,Marion,21.7
2023,Martin,11.9
2023,Mason,12.4
2023,Matagorda,17.9
2023,Maverick,22.8
2023,Medina,13.1
2023,Menard,20
2023,Midland,10.9
2023,Milam,15.9
2023,Mills,14.7
2023,Mitchell,21.1
2023,Montague,13.4
2023,Montgomery,10.1
2023,Moore,13.5
2023,Morris,19.3
2023,Motley,16.8
2023,Nacogdoches,19.6
2023,Navarro,15.7
2023,Newton,18.5
2023,Nolan,20.4
2023,Nueces,17.3
2023,Ochiltree,11.1
2023,Oldham,12.3
2023,Orange,14.5
2023,Palo Pinto,16.9
2023,Panola,13.6
2023,Parker,8.2
2023,Parmer,13.4
2023,Pecos,21.2
2023,Polk,18.1
2023,Potter,17.8
2023,Presidio,22.9
2023,Rains,13.8
2023,Randall,8.7
2023,Reagan,10.7
2023,Real,15.7
2023,Red River,18.4
2023,Reeves,17.6
2023,Refugio,16.8
2023,Roberts,9
2023,Robertson,17
2023,Rockwall,5.1
2023,Runnels,15.3
2023,Rusk,14.2
2023,Sabine,14.5
2023,San Augustine,20.3
2023,San Jacinto,16.7
2023,San Patricio,17.2
2023,San Saba,18.4
2023,Schleicher,16
2023,Scurry,15.7
2023,Shackelford,12.8
2023,Shelby,18
2023,Sherman,12.8
2023,Smith,13.2
2023,Somervell,8.8
2023,Starr,28.8
2023,Stephens,18.4
2023,Sterling,11.5
2023,Stonewall,15.9
2023,Sutton,13.4
2023,Swisher,19.4
2023,Tarrant,11
2023,Taylor,13.3
2023,Terrell,18.6
2023,Terry,19.3
2023,Throckmorton,13.1
2023,Titus,15.7
2023,Tom Green,14.6
2023,Travis,10.2
2023,Trinity,18.9
2023,Tyler,18.5
2023,Upshur,13.9
2023,Upton,15.3
2023,Uvalde,21
2023,Val Verde,20.2
2023,Van Zandt,12
2023,Victoria,14.1
2023,Walker,22.4
2023,Waller,13.9
2023,Ward,14.1
2023,Washington,14.5
2023,Webb,22.5
2023,Wharton,15.3
2023,Wheeler,14.3
2023,Wichita,17.6
2023,Wilbarger,16.9
2023,Willacy,27.8
2023,Williamson,6.4
2023,Wilson,9.9
2023,Winkler,13.5
2023,Wise,9.4
2023,Wood,15.2
2023,Yoakum,13
2023,Young,14.5
2023,Zapata,30.4
2023,Zavala,28.9
2024,Anderson,20
2024,Andrews,10.5
2024,Angelina,12.7
2024,Aransas,14.3
2024,Archer,9.2
2024,Armstrong,10.1
2024,Atascosa,15.9
2024,Austin,11.1
2024,Bailey,15.6
2024,Bandera,11
2024,Bastrop,9.6
2024,Baylor,16.1
2024,Bee,24.2
2024,Bell,13.8
2024,Bexar,14.6
2024,Blanco,8
2024,Borden,10.2
2024,Bosque,14.5
2024,Bowie,16.2
2024,Brazoria,9.1
2024,Brazos,22.1
2024,Brewster,15.1
2024,Briscoe,14.7
2024,Brooks,30.6
2024,Brown,16.7
2024,Burleson,13.7
2024,Burnet,9.2
2024,Caldwell,11.8
2024,Calhoun,14.5
2024,Callahan,11.5
2024,Cameron,24.3
2024,Camp,15.7
2024,Carson,9.5
2024,Cass,16.5
2024,Castro,16.7
2024,Chambers,7.9
2024,Cherokee,16
2024,Childress,20
2024,Clay,11
2024,Cochran,20.8
2024,Coke,15
2024,Coleman,18.8
2024,Collin,5.7
2024,Collingsworth,16.6
2024,Colorado,13.4
2024,Comal,6.9
2024,Comanche,14.5
2024,Concho,22
2024,Cooke,11.2
2024,Coryell,14.6
2024,Cottle,19
2024,Crane,11.4
2024,Crockett,14.7
2024,Crosby,21.2
2024,Culberson,18.2
2024,Dallam,11.7
2024,Dallas,12.5
2024,Dawson,20.1
2024,Deaf Smith,16.8
2024,Delta,14.6
2024,Denton,6.2
2024,DeWitt,18.5
2024,Dickens,17.8
2024,Dimmit,28.5
2024,Donley,17.2
2024,Duval,24.8
2024,Eastland,18.5
2024,Ector,14.8
2024,Edwards,19.2
2024,Ellis,7.5
2024,El Paso,18.1
2024,Erath,14.9
2024,Falls,18.7
2024,Fannin,12.8
2024,Fayette,10.2
2024,Fisher,14.9
2024,Floyd,17.3
2024,Foard,16.2
2024,Fort Bend,7.7
2024,Franklin,13.4
2024,Freestone,12.7
2024,Frio,27
2024,Gaines,12.2
2024,Galveston,12.6
2024,Garza,17.2
2024,Gillespie,8.2
2024,Glasscock,8.2
2024,Goliad,15.4
2024,Gonzales,18
2024,Gray,15.4
2024,Grayson,11
2024,Gregg,16.1
2024,Grimes,15
2024,Guadalupe,7.9
2024,Hale,18.6
2024,Hall,22.1
2024,Hamilton,13.7
2024,Hansford,11.1
2024,Hardeman,18.1
2024,Hardin,10.8
2024,Harris,16.7
2024,Harrison,14.5
2024,Hartley,9.2
2024,Haskell,22.8
2024,Hays,10.8
2024,Hemphill,10.2
2024,Henderson,15.9
2024,Hidalgo,24.2
2024,Hill,15.7
2024,Hockley,15.8
2024,Hood,8
2024,Hopkins,13.4
2024,Houston,19.3
2024,Howard,15.4
2024,Hudspeth,30.2
2024,Hunt,11.1
2024,Hutchinson,14.4
2024,Irion,8.9
2024,Jack,14.3
2024,Jackson,14.3
2024,Jasper,15.9
2024,Jeff Davis,12.8
2024,Jefferson,21.3
2024,Jim Hogg,22.1
2024,Jim Wells,22.8
2024,Johnson,7.9
2024,Jones,22.7
2024,Karnes,19.4
2024,Kaufman,8.5
2024,Kendall,6.5
2024,Kenedy,15.5
2024,Kent,11.9
2024,Kerr,11.2
2024,Kimble,15.4
2024,King,13.5
2024,Kinney,20.7
2024,Kleberg,21.4
2024,Knox,19
2024,Lamar,17.2
2024,Lamb,17.2
2024,Lampasas,11.1
2024,La Salle,27.3
2024,Lavaca,12.4
2024,Lee,11
2024,Leon,14.2
2024,Liberty,17.8
2024,Limestone,14.8
2024,Lipscomb,13.4
2024,Live Oak,18
2024,Llano,11.8
2024,Loving,6.3
2024,Lubbock,15.7
2024,Lynn,13.9
2024,McCulloch,18.2
2024,McLennan,16.2
2024,McMullen,10.9
2024,Madison,15.8
2024,Marion,21
2024,Martin,12.1
2024,Mason,11.2
2024,Matagorda,14.8
2024,Maverick,21.8
2024,Medina,11.2
2024,Menard,20
2024,Midland,11.2
2024,Milam,13.8
2024,Mills,13.6
2024,Mitchell,22.1
2024,Montague,13.4
2024,Montgomery,9.1
2024,Moore,13.7
2024,Morris,19
2024,Motley,19.4
2024,Nacogdoches,21.9
2024,Navarro,14.5
2024,Newton,17.5
2024,Nolan,19.7
2024,Nueces,15.3
2024,Ochiltree,11.4
2024,Oldham,12.7
2024,Orange,13.8
2024,Palo Pinto,16
2024,Panola,13.3
2024,Parker,8
2024,Parmer,12.7
2024,Pecos,17.3
2024,Polk,14.5
2024,Potter,22.5
2024,Presidio,19.8
2024,Rains,11.2
2024,Randall,10.4
2024,Reagan,10.1
2024,Real,15.1
2024,Red River,15
2024,Reeves,16.8
2024,Refugio,15.2
2024,Roberts,8.6
2024,Robertson,15.7
2024,Rockwall,5.5
2024,Runnels,17.8
2024,Rusk,14.1
2024,Sabine,15.9
2024,San Augustine,20.4
2024,San Jacinto,16.8
2024,San Patricio,14.3
2024,San Saba,15
2024,Schleicher,15.4
2024,Scurry,15.1
2024,Shackelford,12.1
2024,Shelby,16.2
2024,Sherman,12.1
2024,Smith,12.1
2024,Somervell,9.7
2024,Starr,35.4
2024,Stephens,17.7
2024,Sterling,10.8
2024,Stonewall,16.5
2024,Sutton,12.3
2024,Swisher,23.2
2024,Tarrant,11.5
2024,Taylor,14.8
2024,Terrell,18.7
2024,Terry,19.8
2024,Throckmorton,14.1
2024,Titus,15
2024,Tom Green,11.5
2024,Travis,10.5
2024,Trinity,16.8
2024,Tyler,16.3
2024,Upshur,13.7
2024,Upton,13.4
2024,Uvalde,19.5
2024,Val Verde,18.1
2024,Van Zandt,13
2024,Victoria,14.3
2024,Walker,23.3
2024,Waller,13.6
2024,Ward,13.6
2024,Washington,12.4
2024,Webb,20.6
2024,Wharton,14.6
2024,Wheeler,13.5
2024,Wichita,14.4
2024,Wilbarger,14.9
2024,Willacy,24.2
2024,Williamson,5.4
2024,Wilson,9.3
2024,Winkler,14.3
2024,Wise,8.1
2024,Wood,13.7
2024,Yoakum,12.6
2024,Young,13.7
2024,Zapata,30.9
2024,Zavala,25.7
